<?xml version="1.0" encoding="UTF-8"?><ase:myXML xmlns:ase="urn:myXML:r29" xmlns:xsi="http://www.w3.org/2001/XMLSchema-instance"
                                                 xsi:schemaLocation="urn:myXML:r29 http://localhost/myXML/schemas/r29/myXML_r29.xsd"><Header><From>PUSHPALANKA</From>
    <To>JAYAWARDHANA</To>
    <MessageID>PUSHPALANKA-AMIMSG-11322</MessageID>
    <MessageDate>2013-10-22T16:44:53.118</MessageDate>
    <TransactionGroup>ROYAL</TransactionGroup>
    <Priority>HIGH</Priority>
    <SecurityContext>PUSHPALANKABATCH</SecurityContext>
    <Market>IT</Market></Header><Transactions>
    <Transaction transactionID="20131018104656_5310829397" transactionDate="2014-11-14T10:46:56.000">
        <HelloNotification version="r9">
            <TransFix version="r29" xsi:type="ase:RegData">
                <XYZcode checksum="0">5310829397</XYZcode><MasterData>
                <PC>3168</PC>
                <Marks>47.9</Marks>
                <TSF>35.55</TSF>
                <jobstatus>Commissioned</jobstatus>
            </MasterData>
                <RoleAssignments>
                    <RoleAssignment>
                        <Party>BBB</Party>
                        <Role>CCC</Role>
                    </RoleAssignment>
                </RoleAssignments>
            </TransFix>
            <DateCompleted>2013-11-20</DateCompleted>
        </HelloNotification>
    </Transaction>
</Transactions></ase:myXML>